Herb,Category,Effects,Preparation,Intensity,Onset,Legal Status,Region,Tags,Mechanism of Action,Pharmacokinetics,Therapeutic Uses,Side Effects,Contraindications,Drug Interactions,Toxicity,Toxicity / LD50
Calea zacatechichi,Oneirogen,"Vivid/lucid dreams, dream recall",Bitter tea or smoke,Mild,1-5 min,Legal / Unregulated,🇲🇽 Latin America,"🌬️ Smokable, ☕ Brewable, 🧠 Dream, ✅ Safe","Effects attributed to flavones and germacrolides modulating cholinergic and possibly serotonergic pathways, enhancing dream-related neurochemistry [0, 1, 0, 11].","Consumed as bitter tea or smoked: onset 20–45 min; duration ~2–3 h; likely metabolized hepatically [0, 1, 0, 21].","Traditional Mexican use for dream enhancement, divination, and improvement of dream recall [0, 6].","Bitter taste, nausea, vomiting; mild sedation [0, 6].","Avoid during pregnancy and combine cautiously with sedatives [0, 16].","Potentiates CNS depressants [0, 21].","Low reported toxicity; high doses may cause dizziness or vomiting [0, 16].",
Silene capensis,Oneirogen,"Deep dreaming, ancestor contact",Cold water root brew,Mild,15-45 min,Legal / Unregulated,🌍 Africa,"☕ Brewable, 🧠 Dream, ✅ Safe","Contains triterpene saponins, alkaloids, and diterpenoids that may modulate cholinergic and GABAergic activity, enhancing REM sleep and dream vividness [0, 2, 0, 22].","Traditionally consumed as cold water infusion: onset ~30–60 min; effects last several hours [0, 7].","Promotes vivid and lucid dreaming; used in traditional Xhosa dream rituals [0, 2, 0, 7].","Rare; mild gastrointestinal upset and drowsiness in high amounts [0, 2].","Pregnancy and use with CNS depressants [0, 12].","May potentiate sedative effects of other herbs or medications [0, 22].","Low; no significant toxicity reported in traditional use [0, 2].",
Entada rheedii,Oneirogen,"Dream enhancement, trance",Seed powder or chew,Moderate,30-60 min,Legal / Unregulated,🇲🇽 Latin America,"💊 Oral, 🧠 Dream, ✅ Safe",,"Traditionally consumed as cold water infusion; onset ~1–2 h; effects last ~6–8 h [0, 11].","Dream enhancement, lucid dreaming, traditional remedy for diarrhea and stomach aches [0, 6, 0, 11].","Mild GI upset, drowsiness; rare nausea [0, 6].","Pregnancy, lactation, hypersensitivity [0, 6].","May potentiate CNS depressants; caution with anticholinergics [0, 6].","Low; no severe toxicity reported in traditional use [0, 6].",
Mugwort,Oneirogen,"Lucid dreams, astral travel","Tea, smoke, or pillow herb",Mild,1-5 min,Legal / Unregulated,🇪🇺 Europe,"🌬️ Smokable, ☕ Brewable, 🧠 Dream, ✅ Safe","Contains thujone, a GABAA antagonist; may also modulate cholinergic systems [9, 9].","Smoked or tea; onset 20–40 min; duration ~1–2 h [9, 9].","Lucid dreaming, digestive support, menstrual aid [9, 9].","Headache, nausea, dizziness; risk in pregnancy and seizure disorders [9, 9].","Pregnancy, allergies to ragweed, epilepsy [9, 9].","Avoid with CNS depressants and anticonvulsants [9, 9].",Contains thujone and other essential oils that are toxic in high doses.,Thujone LD50 ~87–120 mg/kg in mice; caution advised at high doses or chronic use.
Heimia salicifolia (Sinicuichi),Dissociative / Sedative,"Auditory hallucinations, slowed time",Fermented sun tea,Moderate,15-45 min,Legal / Unregulated,🌎 Unknown / Global,"☕ Brewable, 🧪 Fermented, 🌀 Dissociation, ✅ Safe","Alkaloids may affect auditory processing and blood flow, potentially modulating neurotransmission [9, 4].","Traditionally fermented sun tea; slow onset 15–45 min; duration ~2–3 h [9, 4].","Divination, auditory changes, euphoria in folk practices [9, 4].","Dry mouth, muscle relaxation, altered hearing [9, 4].","Avoid with alcohol or CNS depressants, pregnancy [9, 4].","None known; caution with psychiatric medications [9, 4].","Low toxicity; high doses may cause mild sedation or nausea [9, 4].",Not well established; no fatal doses reported in traditional use.
Sceletium tortuosum (Kanna),Empathogen / Euphoriant,"Mood lift, empathy, sociability","Chew, snuff, extract",Moderate,30-60 min,"Legal, sometimes restricted",🌎 Unknown / Global,"💊 Oral, 💫 Euphoria, ⚠️ Restricted","Selective serotonin reuptake inhibition (SSRI) and phosphodiesterase-4 (PDE4) inhibition [9, 4].","Oral onset 20–60 min; duration 2–4 h [9, 4].","Mood enhancement, anti-anxiety, social facilitation [9, 4].","Headache, nausea, mild sedation [9, 4].","Do not combine with other serotonergic substances; pregnancy [9, 4].","SSRIs, MAOIs, stimulants [9, 4].","Low toxicity at traditional doses [9, 4].",Not established in humans; high safety margin observed in animal studies.
Blue Lotus (Nymphaea caerulea),Other,"Euphoria, aphrodisiac, dreamy calm","Wine soak, smoke, tea",Mild,1-5 min,Legal / Unregulated,🌎 Unknown / Global,"🌬️ Smokable, ☕ Brewable, 🧘 Sedation, ✅ Safe",Contains aporphine and nuciferine; dopamine receptor modulation and mild sedative effect.,Smoked or soaked in wine; onset rapid (5–20 min); duration ~1–3 hrs.,"Mild euphoria, anxiety relief, and aphrodisiac in traditional use.","Drowsiness, mild dizziness at high doses.","Pregnancy, avoid with dopaminergic drugs.",Potential additive effects with CNS depressants.,Low toxicity; no serious effects reported from traditional use.,Not established; no reported lethal doses.
Wild Dagga,Empathogen / Euphoriant,"Cannabis-like buzz, mild euphoria",Smoke or extract,Moderate,1-5 min,Legal / Unregulated,🌍 Africa,"🌬️ Smokable, 💫 Euphoria, ✅ Safe","Contains labdane diterpenes such as leonurine and marrubiin; marrubiin modulates prostaglandin synthesis and exhibits anti-inflammatory and analgesic effects, while leonurine exhibits cardioprotective and neuroprotective properties [0, 4, 0, 0].","Leaf extracts via oral ingestion or smoking: rapid onset (5–10 min); marrubiin peak plasma ~1–2 h; metabolites excreted renally [0, 1].","Traditional analgesic, anti-inflammatory, antidiabetic, anxiolytic, pulmonary tonic; used for coughs, fevers, diabetes, hypertension [0, 7].","Dizziness, hypotension, gastrointestinal upset at high doses; potential hepatotoxicity with chronic use [0, 5, 0, 8].","Pregnancy, hypotension, use with diabetic or antihypertensive medications [0, 5].","Additive hypotensive and antidiabetic effects; caution when combined with antihypertensives and antidiabetic agents [0, 5].","Animal acute toxicity at 3200 mg/kg caused mortality; high doses alter hematological parameters [0, 5].","Animal acute toxicity at 3200 mg/kg caused mortality; high doses alter hematological parameters [0, 5]."
Damiana,Empathogen / Euphoriant,"Aphrodisiac, relaxing, mood lifting",Tea or smoke,Mild,1-5 min,"Legal, banned in some countries",🇲🇽 Latin America,"🌬️ Smokable, ☕ Brewable, 💫 Euphoria, ✅ Safe",Mild MAOI activity and possible CB1 receptor modulation.,Oral ingestion as tea or extract: onset ~30–60 min; detailed kinetic data limited.,"Aphrodisiac, mood enhancer, anxiolytic, gastrointestinal tonic; used in liqueurs and smoking blends for mild psychoactive effects [1, 10, 1, 7].","None significant reported; excessive doses may cause insomnia or headache [1, 5].","Pregnancy and lactation due to insufficient safety data; avoid in individuals sensitive to caffeine [1, 5].","Potential additive effects with sedatives and stimulants; caution with hypoglycemic and hypotensive medications [1, 7].","Low; no lethal toxicity reported at traditional doses [1, 5].",No established LD50; considered non-toxic in traditional use.
Nelumbo nucifera (Sacred Lotus),Other,"Spiritual clarity, calming euphoria","Tea, tincture, smoke",Mild,1-5 min,Legal / Unregulated,🌎 Unknown / Global,"🌬️ Smokable, ☕ Brewable, 🧠 Cognitive, 🧘 Sedation, ✅ Safe",,"Oral leaf extracts: peak plasma levels of nucleiferine and n-nornuciferine ~1–2 h; compounds cross blood–brain barrier and are renally excreted [2, 7].","Hyperlipidemia, weight management, antidiabetic, anti-inflammatory, insomnia aid, cardiovascular and pulmonary support [2, 0, 2, 5].","Generally well tolerated; high doses may cause gastrointestinal upset and sedation [2, 4].","Pregnancy and lactation due to limited safety data; monitor blood sugar in diabetics [2, 2].","May potentiate hypoglycemic agents and anticoagulants; use caution when coadministered [2, 2].","Low; rodent LD50 for nuciferine > 1000 mg/kg; minimal toxicity at dietary doses [2, 7].",
Salvia divinorum,Dissociative / Sedative,"Total dissociation, entity contact","Smoked, intense, short duration",High,1-5 min,Restricted in many regions,🇲🇽 Latin America,"🌬️ Smokable, 🌀 Dissociation, ⚠️ Restricted",,"Absorbed via oral mucosa, smoking or vaporization; rapid onset (seconds–minutes), short duration (~15–30 min), quickly metabolized to inactive salvinorin B [3, 1].","Visionary experiences in traditional Mazatec rituals; investigated for analgesic and anti-inflammatory properties [3, 0].","Tiredness, dizziness, amnesia, potential for transient psychosis in vulnerable individuals [3, 2].","Psychiatric disorders, cardiovascular instability; avoid in those at risk for psychosis [3, 2].","CNS depressants may potentiate sedative effects; caution when coadministered [3, 3].","Low toxicity; animal studies show minimal organ damage even at high doses [3, 3].",LD50 not established; salvinorin A active at microgram levels with no evidence of physical toxicity.
Wild Lettuce,Dissociative / Sedative,"Opium-like body high, sedation",Smoke or extract,Moderate,1-5 min,Legal / Unregulated,🌎 Unknown / Global,"🌬️ Smokable, 🌀 Dissociation, ✅ Safe","Lactucin and lactucopicrin act as acetylcholinesterase inhibitors and may bind opioid receptors, producing sedative and analgesic effects [0, 50].","Oral ingestion (tea or tincture); onset 30–60 min; duration ~4 h; metabolites excreted renally [0, 2].","Mild analgesic, sedative, sleep aid [0, 7].","Mydriasis, photophobia, dizziness, diaphoresis, auditory hallucinations, cardiovascular and respiratory distress at high doses [0, 2].","Pregnancy, concurrent sedative use, latex allergy.",Additive sedation with CNS depressants and alcohol.,"Dose-dependent toxicity; hospitalizations reported but full recovery common [0, 2].",
Valerian Root,Dissociative / Sedative,"Deep sedation, dream fog",Tea or tincture,Mild,15-45 min,Legal / Unregulated,🇪🇺 Europe,"☕ Brewable, 🌀 Dissociation, ✅ Safe",,"Oral extracts: onset 30–60 min; constituents metabolized hepatically; half-life varies by preparation [4, 0].","Insomnia, nervous tension, mild anxiety; often combined with other sedatives for sleep disorders [4, 0].","Headache, stomach upset, vivid dreams, excitability; rare withdrawal symptoms upon abrupt discontinuation [4, 4].","Pregnancy, lactation; caution in those with hepatic impairment [4, 8].","Additive sedation with barbiturates, benzodiazepines, CNS depressants; may increase effects of amobarbital and phenobarbital [4, 7].","Low; occasional reports of hepatotoxicity, safe at therapeutic doses [4, 4].",
Kava Kava,Dissociative / Sedative,"Body numbing, mind floating",Brewed tea (not smoked),Moderate,1-5 min,"Legal, restricted in some countries",🌎 Unknown / Global,"🌬️ Smokable, ☕ Brewable, 🌀 Dissociation, ⚠️ Restricted","Kavalactones such as kavain, methysticin, and yangonin modulate GABAA receptor activity and inhibit voltage-gated ion channels, producing anxiolytic, sedative, and muscle relaxant effects [1, 3, 1, 0].","Traditional aqueous extracts: onset 20–40 min; peak plasma kavalactone levels ~1–2 h; extensively metabolized hepatically [1, 0].","Ceremonial and social drink in Pacific cultures for anxiety relief, muscle relaxation, and mild euphoria [1, 0].","Drowsiness, headache, gastrointestinal discomfort; potential hepatotoxicity with chronic use of non-water extracts [1, 0, 1, 6].","Liver disease, concurrent alcohol or hepatotoxic medications, pregnancy.","Additive sedation with alcohol and CNS depressants; caution with anticoagulants [1, 0].","Human LD50 unknown; animal studies indicate moderate safety margin; heavy chronic use linked to rare hepatotoxicity [1, 6].","Human LD50 unknown; animal studies indicate moderate safety margin; heavy chronic use linked to rare hepatotoxicity [1, 6]."
Acorus calamus,Dissociative / Sedative,"Mild hallucinations, odd clarity",Tea or chewed (effects debated),Mild,15-45 min,Banned for food use in US (asarone),🌎 Unknown / Global,"☕ Brewable, 💊 Oral, 🌀 Dissociation, 🧠 Cognitive, ✅ Safe","Exhibits neuroprotective, antioxidant, antidepressant, and anticonvulsant effects, likely via modulation of GABAergic and monoaminergic systems [0, 10, 0, 15].","Oral administration: onset 30–60 min; peak plasma levels within 1–2 h; metabolized hepatically and excreted renally [0, 15].","Traditional use as digestive tonic, neuroprotectant, and mood regulator; modern research explores antidepressant and anticonvulsant applications [0, 10].","Potential emmenagogic and genotoxic activity; avoid use due to carcinogenic β-asarone content [0, 0, 0, 5].","Pregnancy and lactation; use prohibited in some regions [0, 0].","None well documented; may reduce effectiveness of antacids [0, 25].","High doses linked to neurotoxicity; banned in some countries due to carcinogenic concerns [0, 0].",
Chiric Sanango,Dissociative / Sedative,"Shadow work, spiritual clearing",Amazonian brew; not casual use,High,15-45 min,Legal / Unregulated,🌎 Unknown / Global,"☕ Brewable, 🌀 Dissociation, ✅ Safe","Contains β-carboline alkaloids (harmine, harmaline) and coumarins (scopoletin) that may inhibit monoamine oxidase and modulate serotonergic/cholinergic systems [0, 11, 0, 1].","Traditionally infused or added to ayahuasca; alkaloids absorbed orally; onset ~30–60 min; duration several hours [0, 10].","Potentiates ayahuasca, used in Amazonian rituals for introspection and mild hallucinations [0, 4].","Dizziness, nausea, muscle tremors, delirium at high doses [0, 11].","Pregnancy, cardiovascular conditions.",Other serotonergic or cholinergic agents.,Toxic in high doses; caution advised.,LD50 not established; considered mildly toxic in large doses due to cholinergic effects.
Wormwood,Ritual / Visionary,"Bittersweet trance, visual haze",Used in absinthe or smoked with caution,Moderate,1-5 min,"Legal, thujone regulated in some countries",🇪🇺 Europe,"🌬️ Smokable, 🔮 Ritual, ✅ Safe","Contains (−)-α- and (+)-β-thujone, which act as GABAA receptor antagonists, causing mild convulsant and excitatory effects; also exhibits anti-inflammatory and antimicrobial properties [0, 3, 0, 22].","Oral use: onset 20–60 min; peak plasma thujone ~1–2 h; metabolized by CYP450 enzymes [0, 22].","Digestive tonic, antiparasitic, antimicrobial, anti-inflammatory; ingredient in traditional absinthe liquor [0, 7].","Nausea, vomiting, convulsions, hallucinations at high doses; GI upset; allergic reactions [0, 3, 0, 22].","Pregnancy, epilepsy, seizure disorders, liver disease.","Additive neurotoxicity with other GABA antagonists; caution with CNS stimulants [0, 17].","Rodent oral LD50 for thujone ~45 mg/kg; chronic high intake associated with neurotoxicity [0, 3].","Rodent oral LD50 for thujone ~45 mg/kg; chronic high intake associated with neurotoxicity [0, 3]."
Mexican Tarragon,Other,"Visionary clarity, spiritual herb","Tea, incense, or smoke",Mild,1-5 min,Legal / Unregulated,🇲🇽 Latin America,"🌬️ Smokable, ☕ Brewable, 🕯️ Ritual, 🧠 Cognitive, ✅ Safe","Coumarins (dimethylfraxetin) and flavonoids modulate serotonergic (5-HT1A) and GABAergic (benzodiazepine binding) neurotransmission, producing anxiolytic and sedative-like effects [0, 0, 0, 4].","Aqueous infusions or tinctures: onset ~30–60 min; active coumarins undergo hepatic metabolism; excreted renally [0, 2].","Traditional antispasmodic, antidiarrheal, anxiolytic, sedative, and additive in tobacco mixtures for psychoactive effects [0, 0, 0, 5].","Drowsiness, nausea, headache in high doses [0, 1].","Pregnancy, lactation, respiratory conditions (smoking) [0, 0].","Potentiation of sedatives and MAO inhibitors [0, 2].","Low acute toxicity; no significant LD50 data available [0, 2].","Low acute toxicity; no significant LD50 data available [0, 2]."
Frankincense,Ritual / Visionary,"Meditative trance, sacred space",Resin incense,Mild,5-20 min,Legal / Unregulated,🌐 Global / Ritual,"🕯️ Ritual, 🔮 Ritual, ✅ Safe",Boswellic acids inhibit 5-lipoxygenase enzyme; anti-inflammatory and neuroprotective.,"Oral extracts: peak plasma boswellic acids ~2 h post-dose; hepatic metabolism; urinary excretion of metabolites [0, 12].","Anti-inflammatory for arthritis, ulcerative colitis, asthma; wound healing; cognitive support [0, 7, 0, 2].","GI upset, allergic reactions; rare hepatotoxicity [0, 7].","Pregnancy, bleeding disorders, surgery (increased bleeding risk) [0, 7].","Anticoagulants, immunosuppressants; may potentiate anti‑inflammatories [0, 7].",Generally well tolerated; high doses may cause stomach upset or hepatotoxicity in rare cases.,LD50 (boswellic acid) not well established; no known fatal dose in humans.
Mapacho,Ritual / Visionary,"Sacred tobacco, heavy grounding",Smoked ceremonially (very strong),High,1-5 min,Restricted (due to nicotine content),🇲🇽 Latin America,"🌬️ Smokable, 🔮 Ritual, ⚠️ Restricted","Nicotine agonizes nicotinic acetylcholine receptors; contains β-carbolines (harmala alkaloids) acting as reversible MAO inhibitors [1, 0, 1, 9].","Smoked or insufflated; rapid absorption via lungs or mucosa; peak plasma nicotine within minutes; half-life ~2 hours [1, 0].","Shamanic entheogen in rapé blends for sensory enhancement and ritual purification [1, 0].","Nausea, tachycardia, vomiting, dizziness at high doses [1, 0].","Cardiovascular disease, pregnancy.",Other nicotinic agonists and MAO inhibitors.,High risk of nicotine overdose; very toxic.,LD50 (nicotine) ~0.5–1.0 mg/kg in humans (oral); overdose via smoke is rare but possible.
Datura / Brugmansia,Deliriant / Toxic,"Full blackout, dreamlike confusion","NOT safe – toxic, unpredictable",High,Varies,Dangerous / Toxic / Controlled,🌎 Unknown / Global,☠️ Toxic,Antagonist at muscarinic acetylcholine receptors (M1–M5); causes anticholinergic delirium.,"Oral ingestion: onset 30–60 min; peak levels ~1–2 h; extensively metabolized hepatically; excretion via urine [0, 0].","Historically used as antispasmodic, analgesic, and hypnotic; in modern medicine for motion sickness and as pre-anesthetic [0, 5].","Dry mouth, tachycardia, blurred vision, urinary retention, confusion, hallucinations; anticholinergic toxidrome at high doses [0, 15].","Glaucoma, prostatic hypertrophy, cardiovascular disease, psychiatric disorders, pregnancy [0, 5].","Additive anticholinergic effects with antihistamines, tricyclic antidepressants, antipsychotics [0, 5].","Extremely toxic; unpredictable alkaloid content (atropine, scopolamine) can cause fatal overdose.",Human LD50 (atropine) ~10 mg/kg; child fatalities at ~50 seeds reported.
Nutmeg (high dose),Deliriant / Toxic,"Dissociation, nausea, hallucinations",Dangerous doses needed; not recommended,High,Varies,Discouraged / Toxic,🌎 Unknown / Global,☠️ Toxic,"Myristicin and elemicin exhibit mild hallucinogenic and anticholinergic effects by inhibiting acetylcholine receptors and monoamine oxidase [0, 21].","Oral ingestion: onset 3–6 h; duration up to 12 h; metabolized hepatically, excreted renally [0, 21].","Traditional deliriant, dream enhancement, aphrodisiac; flavoring agent in culinary contexts [0, 21].","Nausea, dry mouth, anxiety, delirium, hallucinations at psychoactive doses [0, 21].","Psychiatric disorders, liver disease, pregnancy [0, 21].","Additive CNS effects with depressants and MAOIs [0, 21].","Moderate-to-high toxicity at psychoactive doses; overdose risk for anticholinergic delirium [0, 21].",Estimated LD50 (myristicin) ~5600 mg/kg in rats; toxic threshold in humans ~5g+ of nutmeg powder.
Asparagus racemosus (Shatavari),Other,"Spiritual dreaming, subtle energy shifts",Tea or tincture,Mild,15-45 min,Legal / Unregulated,🇮🇳 India,"☕ Brewable, ✅ Safe","Steroidal saponins (shatavarins) modulate estrogen receptors and exhibit antioxidant, immunomodulatory, and neuroprotective properties [1, 4].","Oral administration: onset 30–60 min; bioactive saponins have prolonged half-life; cumulative effects with daily dosing [1, 4].","Galactagogue, reproductive health support, adaptogen for stress, gastric ulcer treatment, diuretic [1, 5].","GI upset, headache; potential hormonal effects at high doses [1, 5].","Pregnancy (high doses), hormone-sensitive cancers; caution with hypoglycemic agents [0, 3].","Lithium (efficacy reduction) and hypoglycemic drugs; possible additive effects [0, 3].","Low toxicity; very high doses may induce convulsions in animal models; generally well-tolerated [1, 9].",
Tagetes lucida (Mexican Tarragon),Other,"Visionary dreams, clarity","Tea, incense, or smoke",Mild,1-5 min,Legal / Unregulated,🇲🇽 Latin America,"🌬️ Smokable, ☕ Brewable, 🕯️ Ritual, 🧠 Cognitive, ✅ Safe","Coumarins (dimethylfraxetin, herniarin) and essential oils (methyl eugenol, estragole) interact with GABAₐ and 5-HT₁ₐ receptors, producing anxiolytic and sedative effects [2, 2, 2, 10].","Consumed as tea or tincture; onset ~20–30 min; duration ~2–4 hours [2, 2].","Anxiolytic, digestive aid, ritual incense for purification [2, 10].","Mild GI upset, potential photosensitivity [2, 3].","Pregnancy, concurrent sedatives.",Benzodiazepines and serotonergic drugs.,Low; traditional use generally safe.,
Turnera diffusa,Empathogen / Euphoriant,"Same as Damiana – aphrodisiac, mood lift",Tea or smoke,Mild,1-5 min,Legal / Unregulated,🌎 Unknown / Global,"🌬️ Smokable, ☕ Brewable, 💫 Euphoria, ✅ Safe","Likely modulates serotonin, dopamine, and GABA neurotransmission via flavonoids and tannins [8, 6].","Tea or smoked; onset ~30–45 min; duration ~2–4 hours [8, 6].","Aphrodisiac, mood enhancement, stress relief [8, 6].","Mild headache, insomnia at high doses [8, 6].","Pregnancy, MAOI coadministration.",Serotonergic medications.,Low in traditional doses.,
Kratom (Mitragyna speciosa),Empathogen / Euphoriant,Stimulant or sedative euphoria (dose-dependent),Oral only – not smoked,High,1-5 min,Restricted in some regions,🌎 Unknown / Global,"🌬️ Smokable, 💊 Oral, 💫 Euphoria, ⚡ Stimulant, ⚠️ Restricted","Mitragynine and 7-hydroxymitragynine act as partial agonists at μ-opioid receptors, and interact with adrenergic and serotonergic systems [0, 9].","Oral: onset 15–45 min; duration 3–6 h; hepatic metabolism via CYP enzymes; excretion renal [0, 9].","Analgesic, mood enhancer, stimulant or sedative (dose-dependent), opioid withdrawal management [0, 9].","Constipation, nausea, dependency risk, dizziness [0, 9].","Pregnancy, liver or kidney impairment, concurrent opioid or CNS depressant use [0, 9].","Additive sedation with opioids and sedatives; caution with MAOIs [0, 9].","Low-to-moderate; overdose may cause respiratory depression and death [0, 9].",
Kra Thum Na / Kok,Empathogen / Euphoriant,"Stimulation, kratom-like body feel",Capsule or tea,Moderate,15-45 min,Legal / Unregulated,🌎 Unknown / Global,"☕ Brewable, 💊 Oral, 💫 Euphoria, ✅ Safe",,,,,,,,
Sakae Naa,Empathogen / Euphoriant,"Mild stimulant, mood separation",Tea or capsule,Mild,15-45 min,Legal / Unregulated,🌎 Unknown / Global,"☕ Brewable, 💊 Oral, 💫 Euphoria, ⚡ Stimulant, ✅ Safe",Mitragynine-like alkaloids; mild adrenergic and dopaminergic stimulation.,Oral (tea/capsule); onset 20–40 min; effects last ~3–4 hrs.,"Used as stimulant, mood enhancer, and mild analgesic.","Mild stimulation, jitteriness, GI upset at high doses.",Avoid with stimulants or heart issues.,"May interact with MAOIs, stimulants, and certain SSRIs.","Low, but less studied than kratom.",Not established; no fatalities reported in isolated use.
Nelumbo nucifera,Empathogen / Euphoriant,"Mild dissociation, calm euphoria","Tea, smoke",Mild,1-5 min,"Legal, low concern",🌎 Unknown / Global,"🌬️ Smokable, ☕ Brewable, 💫 Euphoria, 🧘 Sedation, ✅ Safe",Contains nuciferine (dopamine receptor modulator) and aporphine alkaloids.,Smoked or tea; onset rapid (5–15 min); duration ~2–3 hrs.,"Mild euphoria, stress reduction, dream enhancement.",Mild dizziness or nausea if overused.,"Pregnancy, hypotension.",Possible additive effects with MAOIs and dopamine agents.,Low toxicity in traditional doses.,Not well-established; estimated to be >500 mg/kg (safe range).
Scullcap (Scutellaria),Dissociative / Sedative,"Relaxing, anxiety-reducing, dream support",Tea or tincture,Mild,15-45 min,Legal / Unregulated,🌎 Unknown / Global,"☕ Brewable, 🌀 Dissociation, ✅ Safe",Flavonoids and baicalin modulate GABA-A receptors and inhibit inflammation.,Taken orally; onset ~30 min; effects last ~2–4 hrs.,"Calming, anticonvulsant, neuroprotective.",Rarely causes liver enzyme elevation or drowsiness.,Liver issues; consult provider before long-term use.,Additive effects with sedatives or anxiolytics.,"Generally safe, though adulterants in supplements have caused concern.",No standard LD50 data; high therapeutic margin.
California Poppy,Dissociative / Sedative,"Gentle sedative, dreamlike calm","Tea, tincture, or extract",Mild,15-45 min,Legal / Unregulated,🌎 Unknown / Global,"☕ Brewable, 🌀 Dissociation, 🧘 Sedation, ✅ Safe",Mild GABAergic activity and opioid receptor affinity (non-narcotic).,Oral (tea or tincture); onset ~30 min; lasts 2–3 hrs.,"Used for anxiety, insomnia, and pain management.","Drowsiness, vivid dreams, dizziness.",Not for use in pregnancy or with other CNS depressants.,May amplify effects of benzodiazepines and alcohol.,Low toxicity; non-habit-forming.,No known LD50 in humans; safe at standard doses.
Hop Flowers,Dissociative / Sedative,"Relaxation, dream enhancement",Tea or herbal pillow,Mild,15-45 min,Legal / Unregulated,🌎 Unknown / Global,"☕ Brewable, 🌀 Dissociation, ✅ Safe","Binds to GABA-A receptors, promoting sedation and relaxation.",Oral or inhaled; onset ~20–40 min; duration ~2–4 hrs.,"Used as a mild sleep aid, anxiety reducer, and dream enhancer.","Drowsiness, mild headache, possible hormonal effects in large doses.","Pregnancy, estrogen-sensitive conditions (e.g. breast cancer).","May enhance sedatives, alcohol, and hypnotics.",Very low toxicity; generally regarded as safe.,No human LD50; high safety margin reported in herbal use.
Copal,Ritual / Visionary,"Purifying, sacred aroma, trance enhancement",Burned as incense,Mild,5-20 min,Legal / Unregulated,🌐 Global / Ritual,"🕯️ Ritual, 🔮 Ritual, ✅ Safe",,,,,,,,
Sweetgrass,Ritual / Visionary,"Positive energy, spiritual invocation",Burned or braided for ceremonies,Mild,Varies,Legal / Unregulated,🌐 Global / Ritual,"🔮 Ritual, ✅ Safe",,,,,,,,
White Sage,Ritual / Visionary,"Clarity, purification, spiritual reset",Burned as incense,Mild,5-20 min,Legal / Unregulated,🌐 Global / Ritual,"🕯️ Ritual, 🔮 Ritual, 🧠 Cognitive, ✅ Safe","1,8-Cineole and α-thujone inhibit pro-inflammatory cytokines (TNFα, IL-1β) and arachidonic acid metabolism; antimicrobial and antiviral effects via NF-κB inhibition [0, 19, 0, 4].","Inhaled or topical; rapid local absorption; systemic exposure minimal; metabolites excreted renally [0, 4].","Smudging rituals for purification, antimicrobial, respiratory support, mental clarity [0, 19].","Respiratory irritation, asthmatic exacerbation, headaches at high exposure [0, 19].","Asthma, pregnancy, respiratory disorders.",None significant documented.,"Very low; excessive inhalation may cause dizziness or nausea [0, 4].",
Frankincense (Boswellia),Other,"Trance, meditative awareness",Resin burned,Mild,Varies,Legal / Unregulated,🌐 Global / Ritual,✅ Safe,,,,,,,,
Henbane,Deliriant / Toxic,"Delirium, hallucinations, anticholinergic",Historically ritual; dangerous/toxic,High,Varies,Controlled / Toxic,🌎 Unknown / Global,"🕯️ Ritual, ☠️ Toxic",,,,,,,,
Belladonna,Deliriant / Toxic,"Hallucinations, dreamlike confusion",Highly toxic – not for casual use,High,Varies,Controlled / Toxic,🌎 Unknown / Global,☠️ Toxic,Tropane alkaloids block acetylcholine; causes anticholinergic delirium.,Oral or topical; onset ~30–90 mins; effects last 4–12 hrs.,"Historically used for pain, muscle spasms, and cosmetic dilation.","Dry mouth, hallucinations, delirium, elevated pulse.","Cardiovascular disease, glaucoma, pregnancy.","CNS depressants, anticholinergic drugs.",Highly toxic; accidental ingestion can be fatal.,"Atropine LD50 (rat, oral): ~453 mg/kg."
Mandrake Root,Deliriant / Toxic,"Narcotic, visionary trance",Traditional ceremonial use only,High,Varies,Controlled / Toxic,🌎 Unknown / Global,☠️ Toxic,"Contains tropane alkaloids (scopolamine, atropine); anticholinergic deliriant.",Oral or transdermal; slow absorption; long-lasting (6–12 hrs).,"Historically used as anesthetic, antispasmodic, and in witchcraft.","Dry mouth, confusion, hallucinations, elevated heart rate.","Pregnancy, glaucoma, heart conditions.","Potentiates other anticholinergics, CNS depressants.",Highly toxic in moderate doses.,"Scopolamine LD50 (rat, oral): ~310 mg/kg."
Anadenanthera peregrina (Yopo),Ethnobotanical / Rare,"Powerful snuff, DMT-like visuals",Prepared as snuff (contains bufotenine),High,1-3 min,Restricted in many regions,🇲🇽 Latin America,⚠️ Restricted,"Bufotenin in the seeds functions as a non-selective serotonin receptor agonist and serotonin releasing agent [1, 1].","Insufflated snuff: rapid onset; typical dose contains ~40 mg bufotenin from ~0.5 g seeds; rodent LD50 ~200–300 mg/kg [1, 1].","Used ceremonially as cohoba/yopo snuff for entheogenic experiences [1, 1].","Tachycardia, facial flushing, respiratory difficulty, leg cramps, nausea, vomiting [1, 1].","Cardiovascular disease, psychiatric disorders, pregnancy.",Serotonergic medications may potentiate effects.,High concentrations potentially embryotoxic and angiogenic; human toxicity data limited.,"Bufotenin LD50 (mice, intraperitoneal): ~200–300 mg/kg; relatively safe at ritual doses."
Anadenanthera colubrina (Cebíl),Ethnobotanical / Rare,"Entheogenic snuff, alternate reality feel",South American use,High,Varies,Restricted in many regions,🌎 Unknown / Global,⚠️ Restricted,"Bufotenin acts as a potent and non-selective serotonin receptor agonist at 5-HT₁A, 5-HT₂A, 5-HT₂C, and 5-HT₃ receptors, and serves as a specific serotonin releasing agent [1, 0].","When insufflated, bufotenin is rapidly absorbed nasally with onset in 5–15 min and duration around 1–2 h [1, 1].","Traditionally used as a snuff for visionary and divinatory rituals in South American cultures [1, 1].","Prominent cardiovascular changes, nausea, vomiting, and dizziness [1, 0, 1, 1].","Cardiovascular disorders, psychiatric conditions, and pregnancy.","Concomitant use with SSRIs or MAOIs may risk serotonin syndrome [1, 0].","No documented human LD50; rodent LD50 approximately 200–300 mg/kg (intraperitoneal) [1, 0].","No documented human LD50; rodent LD50 approximately 200–300 mg/kg (intraperitoneal) [1, 0]."
Virola spp.,Ethnobotanical / Rare,DMT-containing tree resin,Used in Amazonian snuffs,High,1-3 min,Restricted / Controlled,🇲🇽 Latin America,⚠️ Restricted,"Contains DMT, 5-MeO-DMT, and beta-carbolines; classic tryptamine entheogen profile.",Insufflated or oral with MAOIs; fast onset if smoked or snuffed.,Used in Amazonian shamanic healing rituals; possible antidepressant potential.,"Nausea, intense hallucinations, elevated heart rate.","Mental health disorders, heart issues, MAOI interactions.","Dangerous with SSRIs, MAOIs, and other serotonergic substances.",Can be overwhelming; physical toxicity low but psychological risks high.,No established LD50 for DMT in humans; low systemic toxicity at typical doses.
Acorus gramineus,Ethnobotanical / Rare,"Cognitive clarity, trippy effects (debated)",Tea or chewed,Mild,15-45 min,Legal / Unregulated,🇨🇳 East Asia,"☕ Brewable, 💊 Oral, 🧠 Cognitive, ✅ Safe",Contains β-asarone; may modulate acetylcholine and GABA pathways; traditional use for cognition.,Oral tea or tincture; slow onset (~1 hr); mild duration (2–3 hrs).,"Cognitive enhancement, anxiety, neuroprotective potential.","Nausea at high doses, possible carcinogenic risk with long-term β-asarone exposure.","Pregnancy, long-term use caution due to β-asarone.",May enhance CNS depressants.,Concerns over β-asarone carcinogenicity in some studies.,"β-asarone LD50 (rat, oral): ~310 mg/kg."
Celastrus paniculatus (Intellect Tree),Other,"Lucid dreaming, cognitive enhancer",Oil or seeds consumed,Mild,Varies,Legal / Unregulated,🌎 Unknown / Global,"🧠 Cognitive, ✅ Safe",,,,,,,,
Silphium (extinct),Other,Ancient psychoactive/contraceptive herb,No longer available but worth note,Mild,Varies,Legal / Unregulated,🌎 Unknown / Global,✅ Safe,,,,,,,,
Nymphaea ampla,Empathogen / Euphoriant,"Sedative, euphoric, dreamlike states",Tea or smoke,Mild,15-45 min,Legal / Unregulated,🌎 Unknown / Global,"🌬️ Smokable, ☕ Brewable, 💫 Euphoria, ✅ Safe",,,,,,,,
Pedicularis densiflora (Indian warrior),Dissociative / Sedative,"Muscle relaxation, mild body high",Smoked or tea,Moderate,5-15 min,Legal / Unregulated,"🌍 Africa, 🇮🇳 India","🌬️ Smokable, ☕ Brewable, 🌀 Dissociation, ✅ Safe","Muscle relaxant potential via GABAergic modulation [2, 0].","Smoked or tea; onset rapid (minutes); duration ~2–3 h [2, 0].","Muscle tension, pain relief, sleep aid applications [2, 0].","Drowsiness, dizziness [2, 0].","Pregnancy, use with other sedatives [2, 0].","Additive effects with CNS depressants [2, 0].","Low; limited data on long-term use [2, 0].",
Pedicularis groenlandica,Dissociative / Sedative,"Stronger relaxation, tension relief",Smoked or tea,Moderate,5-15 min,Legal / Unregulated,🌍 Africa,"🌬️ Smokable, ☕ Brewable, 🌀 Dissociation, ✅ Safe",,"Oral infusion onset ~30 min; duration ~4 h; metabolites excreted renally [0, 7].","Muscle relaxant, antioxidant, antimicrobial, traditional remedy for pain and inflammation [0, 7].","Rare; possible GI upset [0, 7].","Pregnancy, lactation [0, 7].","Additive with CNS depressants [0, 7].","Low; no significant toxicity reported [0, 7].",
Lactuca canadensis,Dissociative / Sedative,"Wild lettuce relative, opium-like calm",Tea or smoke,Mild,15-45 min,Legal / Unregulated,🌎 Unknown / Global,"🌬️ Smokable, ☕ Brewable, 🌀 Dissociation, 🧘 Sedation, ✅ Safe",Contains lactucopicrin and lactucin; thought to act as mild opioid receptor agonists.,"Oral ingestion onset 30–60 min; duration ~4 h; metabolites excreted renally [0, 6].","Sedative, analgesic, sleep aid, antitussive [0, 6].","Mydriasis, dizziness, GI upset at high doses [0, 6].","Pregnancy, concurrent opioid use [0, 6].","CNS depressants [0, 6].","Low; hospitalizations reported but recovery common [0, 6].",Not established; presumed low. No acute toxicity reported in human use.
Artemisia absinthium (Wormwood),Ritual / Visionary,"Trance states, dream-like visuals",Tea or smoke,Moderate,15-45 min,"Legal, thujone regulated",🇪🇺 Europe,"🌬️ Smokable, ☕ Brewable, 🔮 Ritual, ✅ Safe","Contains (−)-α- and (+)-β-thujone, potent GABAₐ receptor antagonists; also exhibits anti-inflammatory, antimicrobial, antioxidant, and MAO-inhibitory activities [1, 3, 0, 7].","Oral use: onset 20–60 min; peak plasma levels ~1–2 h; systemic distribution of active constituents [0, 22].","Digestive tonic, Crohn's disease aid, antiparasitic, antimicrobial, and anti-inflammatory agent [0, 7].","High-dose thujone can cause convulsions, insomnia, and hallucinations; GI upset; allergic reactions [1, 3, 0, 7].","Pregnancy, epilepsy, seizure disorders, liver disease; avoid in children [0, 7].","Increases INR with warfarin; additive CNS depression with sedatives and MAOIs [1, 3].","Rodent LD50 for thujone ~45 mg/kg; chronic overuse linked to neurotoxicity and convulsions [1, 3].","Rodent LD50 for thujone ~45 mg/kg; chronic overuse linked to neurotoxicity and convulsions [1, 3]."
Artemisia vulgaris (Mugwort),Oneirogen,"Lucid dreaming, light hallucinations","Smoke, tea, or ritual incense",Mild,5-15 min,Legal / Unregulated,🇪🇺 Europe,"🌬️ Smokable, ☕ Brewable, 🕯️ Ritual, 🧠 Dream, ✅ Safe",,,,,,,,
Justicia pectoralis,Empathogen / Euphoriant,"Aromatic, mild euphoria, anti-anxiety",Smoked or brewed,Mild,15-30 min,Legal / Unregulated,🌎 Unknown / Global,"🌬️ Smokable, ☕ Brewable, 💫 Euphoria, ✅ Safe",Contains coumarin and umbelliferone; mild monoamine modulation; relaxant properties.,"Oral infusion onset 30–60 min; metabolites via hepatic pathways; urinary excretion [0, 10].","Gastroprotective, anti-inflammatory, antispasmodic, anxiolytic; used as snuff admixture [0, 2, 0, 10].","Rare; possible sedation, GI discomfort [0, 10].","Pregnancy; MAOI coadministration [0, 18].","MAO inhibitors, sedatives [0, 18].","Low; safe at traditional doses [0, 10].","Low; no established LD50, but considered safe in traditional use."
Viola odorata (Sweet violet),Dissociative / Sedative,"Mild sedative, calming, gentle dreaminess",Tea or syrup,Mild,15-30 min,Legal / Unregulated,🇪🇺 Europe,"☕ Brewable, 🌀 Dissociation, 🧘 Sedation, ✅ Safe",Mild central sedative via salicylates and alkaloids; may influence serotonin and prostaglandin pathways.,Taken as tea or syrup; onset ~30 min; short duration.,"Cough suppressant, mild anxiolytic, anti-inflammatory, gentle sleep aid.",Very rare; may include mild drowsiness or nausea.,None known in normal amounts; avoid if allergic.,Minimal; theoretically additive with CNS depressants.,Regarded as very safe in traditional herbalism.,No human LD50 data; extremely low toxicity reported.
Piper auritum (Root beer plant),Empathogen / Euphoriant,"Calming, warming, euphoric",Tea or culinary use,Mild,15-30 min,Legal / Unregulated,🌎 Unknown / Global,"☕ Brewable, 💫 Euphoria, 🧘 Sedation, ✅ Safe",Contains safrole and other volatile oils; possible mild dopaminergic stimulation and GI modulation.,"Oral infusion or extract onset 30–60 min; hepatic metabolism; renal excretion [0, 11].","Digestive aid, anti-inflammatory, antimutagen, diuretic, antipyretic [0, 11].","High doses may cause GI upset; safrole is a potential carcinogen [1, 11].","Pregnancy; safrole-containing extracts discouraged [1, 11].","CYP450 substrates; caution with anticoagulants [0, 19].","Safrole hepatotoxic; use sparingly [1, 11].","LD50 (rats, oral) safrole ~1,950 mg/kg; safrole is hepatotoxic at high doses."
Eschscholzia californica (California poppy),Dissociative / Sedative,"Sleep aid, mild dreamlike calm","Tea, tincture",Mild,15-45 min,Legal / Unregulated,🌎 Unknown / Global,"☕ Brewable, 🌀 Dissociation, 🧘 Sedation, ✅ Safe",,"Oral (tea, extract); onset 30–60 min; duration ~4 h; bioavailability of key alkaloids moderate [2, 3].","Anxiety reduction, insomnia aid, mild analgesic, vasomotor headache relief [2, 3, 2, 7].","High doses may cause residual sedation (""hangover""), nausea, dizziness; avoid operating machinery [2, 8, 2, 9].","Glaucoma, MAOI therapy, pregnancy, lactation [2, 9].","Additive CNS depression with sedatives, barbiturates; caution with blood thinners and antihypertensives [2, 8].","Low; no significant toxicity at therapeutic doses [2, 9].",
Rivea corymbosa,Ethnobotanical / Rare,"Dreamy visuals, nausea, traditional Mazatec use",Seeds ground and cold infused,High,30-90 min,Restricted in some countries,🌎 Unknown / Global,⚠️ Restricted,,"Insufflated or ingested; onset 20–60 min; duration 4–8 h; hepatic metabolism [0, 12].","Entheogenic snuff (ololiuqui) in Mesoamerican rituals [0, 4].","Nausea, vasoconstriction, dizziness [0, 4].","Cardiovascular disease, pregnancy [0, 4].","Serotonergic medications [0, 12].","Low; moderate overdose risk [0, 12].",
Ipomoea tricolor (Heavenly Blue),Ethnobotanical / Rare,"LSD-like visuals, spiritual confusion",Seeds ground and cold infused,High,30-90 min,Restricted in some countries,🌎 Unknown / Global,⚠️ Restricted,,"Oral ingestion onset 45–120 min; duration 4–10 h; hepatic metabolism [0, 5].","Visionary experiences, ethnobotanical use [0, 5].","Nausea, vasoconstriction, headache [0, 5].","Cardiovascular disorders, psychiatric conditions [0, 5].","SSRIs/MAOIs [0, 5].","Low; rodent LD50 ~200–300 mg/kg [0, 5].",
Argyreia nervosa (Hawaiian Baby Woodrose),Ethnobotanical / Rare,"Visionary, sedative, nausea-prone",Cold water seed infusion,High,30-90 min,Restricted in some countries,🌎 Unknown / Global,⚠️ Restricted,"Seeds contain ergolines (ergine/LSA and isoergine) acting as partial agonists at 5-HT₂A serotonin receptors and dopamine receptors, producing mild psychedelic effects [1, 2, 1, 7].","Oral ingestion: onset 20–180 min; peak ~2 h; duration 4–10 h [1, 2].","Traditional entheogen in Mesoamerican rituals and modern recreational use [1, 2].","Nausea, vomiting, vasoconstriction, dizziness, sedation [1, 2].","Cardiovascular disorders, psychiatric conditions, pregnancy.",CNS depressants and serotonergic agents may enhance effects.,No known human fatalities; rodent LD50 for ergine ~200–300 mg/kg.,
Tilia europaea (Linden flower),Dissociative / Sedative,"Calming, relaxing, mild dream aid",Tea,Mild,15-30 min,Legal / Unregulated,🇪🇺 Europe,"☕ Brewable, 🌀 Dissociation, 🧘 Sedation, ✅ Safe",,,,,,,,
Melissa officinalis (Lemon balm),Dissociative / Sedative,"Anxiolytic, cognitive calming","Tea, tincture, or smoke",Mild,15-30 min,Legal / Unregulated,🌎 Unknown / Global,"🌬️ Smokable, ☕ Brewable, 🌀 Dissociation, 🧠 Cognitive, 🧘 Sedation, ✅ Safe",,"Oral onset 30–60 min; active compounds absorbed in GI tract; hepatic metabolism; renal excretion [0, 0].","Anxiety, insomnia, nervous tension, digestive aid [0, 8].","Drowsiness; possible allergic reactions; GI upset at high doses [0, 0].","Pregnancy, known Asteraceae allergy [0, 16].","May potentiate sedatives, anticoagulants; caution with CNS depressants [0, 16].","Low; safe at therapeutic doses [0, 0].",
Ocimum sanctum (Holy Basil / Tulsi),Empathogen / Euphoriant,"Mood lift, sacred calm, spiritual focus",Tea or incense,Mild,15-30 min,Legal / Unregulated,🇮🇳 India,"☕ Brewable, 🕯️ Ritual, 💫 Euphoria, 🧘 Sedation, ✅ Safe","Modulates cortisol, inflammation, and neurotransmitters; contains eugenol, ursolic acid, and apigenin.",Rapid absorption via oral tea/tincture; hepatic metabolism.,"Adaptogen, anxiety, spiritual focus, blood sugar balance.","May lower blood sugar, mild sedation, mild nausea.","Pregnancy, diabetes medication.","May potentiate anti-diabetic, anticoagulant, or sedative drugs.",Pending,Pending
Rhodiola rosea,Empathogen / Euphoriant,"Focus, reduced fatigue, mind clarity","Capsule, tincture",Mild,30-60 min,Legal / Unregulated,🌎 Unknown / Global,"💊 Oral, 💫 Euphoria, 🧠 Cognitive, ✅ Safe","Influences serotonin, norepinephrine, dopamine; modulates HPA axis and stress adaptation via rosavins and salidroside.","Absorbed orally; peak plasma ~1-2 hours; active compounds metabolized in liver, excreted renally.","Fatigue, stress resilience, cognitive enhancement, mild depression.","Irritability, dry mouth, dizziness (rare, dose-dependent).","Bipolar disorder, stimulants, pregnancy.","May affect antidepressants, stimulants, or MAOIs.",Mild toxicity; high doses may cause irritability or insomnia.,"LD50 (rats, oral) >28,000 mg/kg; very low toxicity."
Withania somnifera (Ashwagandha),Dissociative / Sedative,"Grounded calm, dream support",Tea or capsule,Mild,30-60 min,Legal / Unregulated,🇮🇳 India,"☕ Brewable, 💊 Oral, 🌀 Dissociation, 🧘 Sedation, ✅ Safe",Modulates GABAergic and serotonergic activity; reduces cortisol; withanolides are primary active compounds.,"Oral onset 30–60 min; withanolides bioavailable; hepatic metabolism; renal excretion [0, 17].","Adaptogen, anti-stress, anxiolytic, neuroprotective, anti-inflammatory, immune support [0, 1, 0, 17].","GI upset, drowsiness, rare thyroid hormone changes [0, 9].","Pregnancy, hyperthyroidism, autoimmune diseases [0, 1].","Immunosuppressants, sedatives, thyroid medications [0, 24].","Low; well-tolerated in clinical studies [0, 1].","LD50 (rats, oral) ~4650 mg/kg; relatively low acute toxicity."
Bacopa monnieri,Empathogen / Euphoriant,"Memory enhancer, mild calming","Tea, capsule",Mild,30-60 min,Legal / Unregulated,🇮🇳 India,"☕ Brewable, 💊 Oral, 💫 Euphoria, 🧘 Sedation, ✅ Safe","Contains bacosides A and B which enhance cholinergic transmission, antioxidant defenses, and modulate neurotransmitter levels (serotonin, dopamine) [0, 0, 0, 2].","Oral preparations (extracts or powder); onset 30–60 min; requires chronic dosing for peak cognitive benefits [0, 5].","Cognitive enhancement (memory, learning), anxiety reduction, ADHD management [0, 1, 0, 6].","Gastrointestinal upset (nausea, increased motility), fatigue, dry mouth [0, 5].","Pregnancy, lactation, hypersensitivity to any component [0, 5].","No major interactions documented; caution with sedatives [0, 5].","Generally non-toxic; no serious adverse effects at recommended doses; rodent LD50 not well established [0, 6].","Generally non-toxic; no serious adverse effects at recommended doses; rodent LD50 not well established [0, 6]."
Eleutherococcus senticosus (Siberian Ginseng),Empathogen / Euphoriant,"Balanced energy, mood resilience",Tea or extract,Mild,30-60 min,Legal / Unregulated,🇨🇳 East Asia,"☕ Brewable, 💫 Euphoria, ✅ Safe",Adaptogenic modulation of HPA axis and immune response; contains eleutherosides influencing stress resilience.,Oral onset in 30–60 minutes; active glycosides metabolized hepatically.,"Fatigue, immune support, cognitive performance under stress.","Mild insomnia, irritability, nervousness in high doses.","Hypertension, pregnancy, hormone-sensitive conditions.","May interact with stimulants, immunosuppressants, and anticoagulants.",Generally considered safe when used short-term. Long-term effects less studied.,No established LD50; high doses in animals show minimal acute toxicity.
